Date,1-Day
2025-01-24,0.00485
2025-01-23,0.00487
2025-01-22,0.00488
2025-01-21,0.00487
2025-01-20,0.00485
2025-01-17,0.00484
2025-01-16,0.00484
2025-01-15,0.00484
2025-01-14,0.00486
2025-01-13,0.00484
2025-01-10,0.00484
2025-01-09,0.00486
2025-01-08,0.00489
2025-01-07,0.00488
2025-01-06,0.00481
2025-01-03,0.00481
2025-01-02,0.00481
2024-12-31,0.00480
2024-12-30,0.00481
2024-12-27,0.00482
2024-12-26,0.00480
2024-12-24,0.00480
2024-12-23,0.00492
2024-12-20,0.00493
2024-12-19,0.00494
2024-12-18,0.00493
2024-12-17,0.00496
2024-12-16,0.00496
2024-12-13,0.00496
2024-12-12,0.00498
2024-12-11,0.00498
2024-12-10,0.00498
2024-12-09,0.00499
2024-12-06,0.00497
2024-12-05,0.00498
2024-12-04,0.00499
2024-12-03,0.00498
2024-12-02,0.00498
2024-11-29,0.00499
2024-11-28,0.00499
2024-11-27,0.00500
2024-11-26,0.00499
2024-11-25,0.00502
2024-11-22,0.00514
2024-11-21,0.00514
2024-11-20,0.00514
2024-11-19,0.00515
2024-11-18,0.00515
2024-11-15,0.00515
2024-11-14,0.00515
2024-11-13,0.00526
2024-11-12,0.00531
2024-11-11,0.00538
2024-11-08,0.00538
2024-11-07,0.00537
2024-11-06,0.00537
2024-11-05,0.00532
2024-11-04,0.00532
2024-11-01,0.00533
2024-10-31,0.00535
2024-10-30,0.00535
2024-10-29,0.00534
2024-10-28,0.00535
2024-10-25,0.00535
2024-10-24,0.00533
2024-10-23,0.00533
2024-10-22,0.00537
2024-10-21,0.00537
2024-10-18,0.00538
2024-10-17,0.00538
2024-10-16,0.00536
2024-10-15,0.00536
2024-10-14,0.00536
2024-10-11,0.00535
2024-10-10,0.00538
2024-10-08,0.00538
2024-10-07,0.00539
2024-10-04,0.00541
2024-10-02,0.00534
2024-09-30,0.00532
2024-09-27,0.00532
2024-09-26,0.00527
2024-09-25,0.00527
2024-09-24,0.00527
2024-09-23,0.00527
2024-09-20,0.00527
2024-09-19,0.00526
2024-09-13,0.00526
2024-09-12,0.00521
2024-09-11,0.00525
2024-09-10,0.00525
2024-09-09,0.00525
2024-09-06,0.00519
2024-09-05,0.00518
2024-09-04,0.00518
2024-09-03,0.00518
2024-09-02,0.00518
2024-08-30,0.00524
2024-08-29,0.00524
2024-08-28,0.00524
2024-08-27,0.00524
2024-08-26,0.00523
2024-08-23,0.00520
2024-08-22,0.00520
2024-08-21,0.00521
2024-08-20,0.00523
2024-08-19,0.00523
2024-08-16,0.00515
2024-08-14,0.00518
2024-08-13,0.00514
2024-08-12,0.00516
2024-08-09,0.00516
2024-08-08,0.00515
2024-08-07,0.00518
2024-08-06,0.00518
2024-08-05,0.00514
2024-08-02,0.00514
2024-08-01,0.00514
2024-07-31,0.00514
2024-07-30,0.00512
2024-07-29,0.00516
2024-07-26,0.00516
2024-07-25,0.00516
2024-07-24,0.00517
2024-07-23,0.00517
2024-07-22,0.00517
2024-07-19,0.00526
2024-07-18,0.00526
2024-07-17,0.00528
2024-07-16,0.00527
2024-07-15,0.00527
2024-07-12,0.00527
2024-07-11,0.00526
2024-07-10,0.00527
2024-07-09,0.00531
2024-07-08,0.00531
2024-07-05,0.00532
2024-07-04,0.00533
2024-07-03,0.00532
2024-07-02,0.00532
2024-07-01,0.00536
2024-06-28,0.00535
2024-06-27,0.00534
2024-06-26,0.00534
2024-06-25,0.00536
2024-06-24,0.00537
2024-06-21,0.00537
2024-06-20,0.00537
2024-06-19,0.00539
2024-06-18,0.00540
2024-06-17,0.00542
2024-06-14,0.00542
2024-06-13,0.00540
2024-06-12,0.00540
2024-06-11,0.00549
2024-06-10,0.00549
2024-06-07,0.00547
2024-06-05,0.00547
2024-06-04,0.00547
2024-06-03,0.00548
2024-05-31,0.00548
2024-05-30,0.00547
2024-05-29,0.00547
2024-05-28,0.00548
2024-05-27,0.00548
2024-05-24,0.00547
2024-05-23,0.00547
2024-05-22,0.00547
2024-05-21,0.00548
2024-05-20,0.00548
2024-05-17,0.00548
2024-05-16,0.00546
2024-05-14,0.00535
2024-05-13,0.00538
2024-05-10,0.00539
2024-05-09,0.00538
2024-05-08,0.00538
2024-05-07,0.00538
2024-05-03,0.00538
2024-05-02,0.00533
2024-04-30,0.00533
2024-04-29,0.00533
2024-04-26,0.00535
2024-04-25,0.00541
2024-04-24,0.00541
2024-04-23,0.00542
2024-04-22,0.00544
2024-04-19,0.00549
2024-04-18,0.00549
2024-04-17,0.00547
2024-04-16,0.00545
2024-04-15,0.00544
2024-04-12,0.00544
2024-04-11,0.00542
2024-04-09,0.00538
2024-04-08,0.00540
2024-04-05,0.00540
2024-04-04,0.00540
2024-04-03,0.00540
2024-04-02,0.00540
2024-04-01,0.00540
2024-03-29,0.00546
2024-03-28,0.00556
2024-03-27,0.00556
2024-03-26,0.00554
2024-03-25,0.00554
2024-03-22,0.00555
2024-03-21,0.00548
2024-03-20,0.00544
2024-03-19,0.00544
2024-03-18,0.00547
2024-03-15,0.00547
2024-03-14,0.00543
2024-03-13,0.00549
2024-03-12,0.00548
2024-03-11,0.00548
2024-03-08,0.00549
2024-03-07,0.00548
2024-03-06,0.00547
2024-03-05,0.00551
2024-03-04,0.00553
2024-02-29,0.00554
2024-02-28,0.00554
2024-02-27,0.00554
2024-02-26,0.00555
2024-02-23,0.00559
2024-02-22,0.00558
2024-02-21,0.00562
2024-02-20,0.00564
2024-02-19,0.00567
2024-02-16,0.00568
2024-02-15,0.00568
2024-02-14,0.00568
2024-02-13,0.00567
2024-02-08,0.00580
2024-02-07,0.00581
2024-02-06,0.00583
2024-02-05,0.00583
2024-02-02,0.00582
2024-02-01,0.00581
2024-01-31,0.00581
2024-01-30,0.00580
2024-01-29,0.00579
2024-01-26,0.00580
2024-01-25,0.00580
2024-01-24,0.00580
2024-01-23,0.00580
2024-01-22,0.00580
2024-01-19,0.00580
2024-01-18,0.00580
2024-01-17,0.00580
2024-01-16,0.00579
2024-01-15,0.00592
2024-01-12,0.00590
2024-01-11,0.00590
2024-01-10,0.00591
2024-01-09,0.00591
2024-01-08,0.00594
2024-01-05,0.00595
2024-01-04,0.00593
2024-01-03,0.00593
2024-01-02,0.00594
2023-12-29,0.00592
2023-12-28,0.00590
2023-12-27,0.00590
2023-12-26,0.00590
2023-12-22,0.00596
2023-12-21,0.00597
2023-12-20,0.00597
2023-12-19,0.00603
2023-12-18,0.00606
2023-12-15,0.00605
2023-12-14,0.00606
2023-12-13,0.00601
2023-12-12,0.00600
2023-12-11,0.00599
2023-12-08,0.00608
2023-12-07,0.00606
2023-12-06,0.00606
2023-12-05,0.00608
2023-12-04,0.00609
2023-12-01,0.00609
2023-11-30,0.00609
2023-11-29,0.00608
2023-11-28,0.00617
2023-11-27,0.00616
2023-11-24,0.00616
2023-11-23,0.00621
2023-11-22,0.00622
2023-11-21,0.00629
2023-11-20,0.00630
2023-11-17,0.00631
2023-11-16,0.00631
2023-11-15,0.00681
2023-11-14,0.00674
2023-11-13,0.00676
2023-11-10,0.00680
2023-11-09,0.00687
2023-11-08,0.00687
2023-11-07,0.00689
2023-11-06,0.00686
2023-11-03,0.00678
2023-11-02,0.00673
2023-11-01,0.00667
2023-10-31,0.00665
2023-10-30,0.00668
2023-10-27,0.00668
2023-10-26,0.00668
2023-10-25,0.00671
2023-10-24,0.00670
2023-10-23,0.00669
2023-10-20,0.00670
2023-10-19,0.00670
2023-10-18,0.00670
2023-10-17,0.00670
2023-10-16,0.00671
2023-10-13,0.00678
2023-10-12,0.00675
2023-10-11,0.00677
2023-10-10,0.00678
2023-10-06,0.00678
2023-10-05,0.00678
2023-10-04,0.00678
2023-09-27,0.00683
2023-09-26,0.00683
2023-09-25,0.00685
2023-09-22,0.00686
2023-09-21,0.00688
2023-09-20,0.00685
2023-09-19,0.00685
2023-09-18,0.00686
2023-09-15,0.00685
2023-09-14,0.00686
2023-09-13,0.00689
2023-09-12,0.00691
2023-09-11,0.00690
2023-09-08,0.00692
2023-09-07,0.00692
2023-09-06,0.00694
2023-09-05,0.00694
2023-09-04,0.00693
2023-09-01,0.00693
2023-08-31,0.00693
2023-08-30,0.00698
2023-08-29,0.00698
2023-08-28,0.00698
2023-08-25,0.00698
2023-08-24,0.00698
2023-08-23,0.00697
2023-08-22,0.00697
2023-08-21,0.00698
2023-08-18,0.00698
2023-08-17,0.00699
2023-08-16,0.00699
2023-08-14,0.00700
2023-08-11,0.00700
2023-08-10,0.00697
2023-08-09,0.00698
2023-08-08,0.00700
2023-08-07,0.00697
2023-08-04,0.00697
2023-08-03,0.00696
2023-08-02,0.00696
2023-08-01,0.00694
2023-07-31,0.00694
2023-07-28,0.00694
2023-07-27,0.00694
2023-07-26,0.00694
2023-07-25,0.00693
2023-07-24,0.00693
2023-07-21,0.00693
2023-07-20,0.00690
2023-07-19,0.00691
2023-07-18,0.00693
2023-07-17,0.00694
2023-07-14,0.00695
2023-07-13,0.00695
2023-07-12,0.00689
2023-07-11,0.00689
2023-07-10,0.00688
2023-07-07,0.00688
2023-07-06,0.00690
2023-07-05,0.00690
2023-07-04,0.00690
2023-07-03,0.00689
2023-06-30,0.00688
2023-06-29,0.00688
2023-06-28,0.00689
2023-06-27,0.00690
2023-06-26,0.00690
2023-06-23,0.00692
2023-06-22,0.00688
2023-06-21,0.00688
2023-06-20,0.00688
2023-06-19,0.00687
2023-06-16,0.00686
2023-06-15,0.00686
2023-06-14,0.00690
2023-06-13,0.00695
2023-06-12,0.00693
2023-06-09,0.00691
2023-06-08,0.00692
2023-06-07,0.00693
2023-06-05,0.00695
2023-06-02,0.00695
2023-06-01,0.00693
2023-05-31,0.00695
2023-05-30,0.00695
2023-05-26,0.00694
2023-05-25,0.00694
2023-05-24,0.00693
2023-05-23,0.00696
2023-05-22,0.00698
2023-05-19,0.00697
2023-05-18,0.00698
2023-05-17,0.00698
2023-05-16,0.00699
2023-05-15,0.00704
2023-05-12,0.00704
2023-05-11,0.00703
2023-05-10,0.00704
2023-05-09,0.00704
2023-05-08,0.00704
2023-05-04,0.00704
2023-05-03,0.00703
2023-05-02,0.00706
2023-04-28,0.00706
2023-04-27,0.00709
2023-04-26,0.00709
2023-04-25,0.00710
2023-04-24,0.00710
2023-04-21,0.00710
2023-04-20,0.00711
2023-04-19,0.00710
2023-04-18,0.00706
2023-04-17,0.00706
2023-04-14,0.00704
2023-04-13,0.00704
2023-04-12,0.00700
2023-04-11,0.00700
2023-04-10,0.00701
2023-04-07,0.00701
2023-04-06,0.00701
2023-04-05,0.00701
2023-04-04,0.00701
2023-04-03,0.00701
2023-03-31,0.00699
2023-03-30,0.00700
2023-03-29,0.00701
2023-03-28,0.00701
2023-03-27,0.00702
2023-03-24,0.00703
2023-03-23,0.00699
2023-03-22,0.00691
2023-03-21,0.00691
2023-03-20,0.00691
2023-03-17,0.00701
2023-03-16,0.00703
2023-03-15,0.00704
2023-03-14,0.00704
2023-03-13,0.00705
2023-03-10,0.00702
2023-03-09,0.00702
2023-03-08,0.00706
2023-03-07,0.00702
2023-03-06,0.00702
2023-03-03,0.00703
2023-03-02,0.00701
2023-02-28,0.00699
2023-02-27,0.00702
2023-02-24,0.00699
2023-02-23,0.00698
2023-02-22,0.00697
2023-02-21,0.00697
2023-02-20,0.00697
2023-02-17,0.00697
2023-02-16,0.00693
2023-02-15,0.00693
2023-02-14,0.00689
2023-02-13,0.00687
2023-02-10,0.00685
2023-02-09,0.00685
2023-02-08,0.00685
2023-02-07,0.00685
2023-02-06,0.00686
2023-02-03,0.00676
2023-02-02,0.00675
2023-02-01,0.00674
2023-01-31,0.00674
2023-01-30,0.00673
2023-01-27,0.00672
2023-01-26,0.00672
2023-01-25,0.00672
2023-01-20,0.00672
2023-01-19,0.00673
2023-01-18,0.00672
2023-01-17,0.00673
2023-01-16,0.00673
2023-01-13,0.00673
2023-01-12,0.00673
2023-01-11,0.00673
2023-01-10,0.00673
2023-01-09,0.00673
2023-01-06,0.00660
2023-01-05,0.00660
2023-01-04,0.00660
2023-01-03,0.00659
2023-01-02,0.00659
2022-12-30,0.00656
2022-12-29,0.00656
2022-12-28,0.00655
2022-12-27,0.00656
2022-12-26,0.00655
2022-12-23,0.00655
2022-12-22,0.00656
2022-12-21,0.00654
2022-12-20,0.00654
2022-12-19,0.00649
2022-12-16,0.00647
2022-12-15,0.00647
2022-12-14,0.00642
2022-12-13,0.00638
2022-12-12,0.00638
2022-12-09,0.00638
2022-12-08,0.00633
2022-12-07,0.00634
2022-12-06,0.00635
2022-12-05,0.00628
2022-12-02,0.00628
2022-12-01,0.00627
2022-11-30,0.00625
2022-11-29,0.00623
2022-11-28,0.00622
2022-11-25,0.00622
2022-11-24,0.00623
2022-11-23,0.00615
2022-11-22,0.00615
2022-11-21,0.00615
2022-11-18,0.00609
2022-11-17,0.00608
2022-11-16,0.00600
2022-11-15,0.00599
2022-11-14,0.00597
2022-11-11,0.00598
2022-11-10,0.00537
2022-11-09,0.00534
2022-11-08,0.00531
2022-11-07,0.00526
2022-11-04,0.00515
2022-11-03,0.00515
2022-11-02,0.00513
2022-11-01,0.00513
2022-10-31,0.00511
2022-10-28,0.00512
2022-10-27,0.00512
2022-10-26,0.00513
2022-10-25,0.00507
2022-10-24,0.00507
2022-10-21,0.00509
2022-10-20,0.00506
2022-10-19,0.00506
2022-10-18,0.00508
2022-10-17,0.00506
2022-10-14,0.00506
2022-10-13,0.00506
2022-10-12,0.00507
2022-10-11,0.00508
2022-10-07,0.00499
2022-10-06,0.00498
2022-10-05,0.00495
2022-10-04,0.00492
2022-09-30,0.00493
2022-09-29,0.00493
2022-09-28,0.00492
2022-09-27,0.00487
2022-09-26,0.00487
2022-09-23,0.00482
2022-09-22,0.00481
2022-09-21,0.00479
2022-09-20,0.00481
2022-09-19,0.00481
2022-09-16,0.00481
2022-09-15,0.00481
2022-09-14,0.00481
2022-09-13,0.00476
2022-09-08,0.00474
2022-09-07,0.00474
2022-09-06,0.00473
2022-09-05,0.00475
2022-09-02,0.00474
2022-09-01,0.00473
2022-08-31,0.00471
2022-08-30,0.00471
2022-08-29,0.00472
2022-08-26,0.00469
2022-08-25,0.00470
2022-08-24,0.00470
2022-08-23,0.00471
2022-08-22,0.00472
2022-08-19,0.00467
2022-08-18,0.00467
2022-08-17,0.00467
2022-08-16,0.00468
2022-08-12,0.00467
2022-08-11,0.00467
2022-08-10,0.00464
2022-08-09,0.00464
2022-08-08,0.00465
2022-08-05,0.00464
2022-08-04,0.00460
2022-08-03,0.00462
2022-08-02,0.00462
2022-08-01,0.00462
2022-07-29,0.00462
2022-07-28,0.00462
2022-07-27,0.00460
2022-07-26,0.00461
2022-07-25,0.00461
2022-07-22,0.00463
2022-07-21,0.00463
2022-07-20,0.00466
2022-07-19,0.00466
2022-07-18,0.00466
2022-07-15,0.00463
2022-07-14,0.00460
2022-07-13,0.00462
2022-07-12,0.00461
2022-07-11,0.00460
2022-07-08,0.00461
2022-07-07,0.00461
2022-07-06,0.00460
2022-07-05,0.00460
2022-07-04,0.00456
2022-07-01,0.00456
2022-06-30,0.00457
2022-06-29,0.00458
2022-06-28,0.00455
2022-06-27,0.00455
2022-06-24,0.00452
2022-06-23,0.00449
2022-06-22,0.00454
2022-06-21,0.00451
2022-06-20,0.00451
2022-06-17,0.00452
2022-06-16,0.00452
2022-06-15,0.00452
2022-06-14,0.00453
2022-06-13,0.00453
2022-06-10,0.00447
2022-06-09,0.00441
2022-06-08,0.00440
2022-06-07,0.00441
2022-06-03,0.00438
2022-06-02,0.00438
2022-05-31,0.00435
2022-05-30,0.00435
2022-05-27,0.00428
2022-05-26,0.00425
2022-05-25,0.00425
2022-05-24,0.00426
2022-05-23,0.00426
2022-05-20,0.00427
2022-05-19,0.00425
2022-05-18,0.00421
2022-05-17,0.00422
2022-05-16,0.00418
2022-05-13,0.00418
2022-05-12,0.00418
2022-05-11,0.00412
2022-05-10,0.00411
2022-05-09,0.00411
2022-05-06,0.00412
2022-05-04,0.00413
2022-05-03,0.00414
2022-05-02,0.00414
2022-04-29,0.00413
2022-04-28,0.00409
2022-04-27,0.00407
2022-04-26,0.00403
2022-04-25,0.00404
2022-04-22,0.00402
2022-04-21,0.00401
2022-04-20,0.00401
2022-04-19,0.00400
2022-04-18,0.00403
2022-04-15,0.00402
2022-04-14,0.00403
2022-04-13,0.00403
2022-04-12,0.00403
2022-04-11,0.00403
2022-04-08,0.00404
2022-04-07,0.00403
2022-04-06,0.00403
2022-04-05,0.00402
2022-04-04,0.00403
2022-04-01,0.00403
2022-03-31,0.00403
2022-03-30,0.00403
2022-03-29,0.00401
2022-03-28,0.00399
2022-03-25,0.00398
2022-03-24,0.00397
2022-03-23,0.00396
2022-03-22,0.00397
2022-03-21,0.00396
2022-03-18,0.00396
2022-03-17,0.00397
2022-03-16,0.00380
2022-03-15,0.00380
2022-03-14,0.00378
2022-03-11,0.00378
2022-03-10,0.00379
2022-03-08,0.00378
2022-03-07,0.00377
2022-03-04,0.00372
2022-03-03,0.00370
2022-03-02,0.00380
2022-02-28,0.00379
2022-02-25,0.00380
2022-02-24,0.00380
2022-02-23,0.00379
2022-02-22,0.00379
2022-02-21,0.00379
2022-02-18,0.00379
2022-02-17,0.00379
2022-02-16,0.00380
2022-02-15,0.00382
2022-02-14,0.00385
2022-02-11,0.00385
2022-02-10,0.00386
2022-02-09,0.00386
2022-02-08,0.00386
2022-02-07,0.00387
2022-02-04,0.00387
2022-02-03,0.00385
2022-01-28,0.00391
2022-01-27,0.00390
2022-01-26,0.00389
2022-01-25,0.00390
2022-01-24,0.00391
2022-01-21,0.00391
2022-01-20,0.00391
2022-01-19,0.00391
2022-01-18,0.00394
2022-01-17,0.00394
2022-01-14,0.00393
2022-01-13,0.00393
2022-01-12,0.00392
2022-01-11,0.00393
2022-01-10,0.00392
2022-01-07,0.00392
2022-01-06,0.00392
2022-01-05,0.00393
2022-01-04,0.00394
2022-01-03,0.00393
2021-12-31,0.00395
2021-12-30,0.00395
2021-12-29,0.00398
2021-12-28,0.00398
2021-12-27,0.00398
2021-12-24,0.00398
2021-12-23,0.00400
2021-12-22,0.00400
2021-12-21,0.00400
2021-12-20,0.00401
2021-12-17,0.00399
2021-12-16,0.00399
2021-12-15,0.00399
2021-12-14,0.00399
2021-12-13,0.00399
2021-12-10,0.00399
2021-12-09,0.00398
2021-12-08,0.00402
2021-12-07,0.00405
2021-12-06,0.00406
2021-12-03,0.00406
2021-12-02,0.00405
2021-12-01,0.00404
2021-11-30,0.00400
2021-11-29,0.00400
2021-11-26,0.00400
2021-11-25,0.00400
2021-11-24,0.00400
2021-11-23,0.00406
2021-11-22,0.00406
2021-11-19,0.00405
2021-11-18,0.00403
2021-11-17,0.00403
2021-11-16,0.00403
2021-11-15,0.00403
2021-11-12,0.00403
2021-11-11,0.00404
2021-11-10,0.00405
2021-11-09,0.00412
2021-11-08,0.00412
2021-11-05,0.00412
2021-11-04,0.00411
2021-11-03,0.00411
2021-11-02,0.00410
2021-11-01,0.00411
2021-10-29,0.00409
2021-10-28,0.00409
2021-10-27,0.00411
2021-10-26,0.00410
2021-10-25,0.00411
2021-10-22,0.00410
2021-10-21,0.00411
2021-10-20,0.00411
2021-10-19,0.00411
2021-10-18,0.00408
2021-10-15,0.00408
2021-10-14,0.00408
2021-10-13,0.00408
2021-10-12,0.00407
2021-10-08,0.00407
2021-10-07,0.00410
2021-10-06,0.00409
2021-10-05,0.00406
2021-10-01,0.00406
2021-09-30,0.00410
2021-09-29,0.00410
2021-09-28,0.00410
2021-09-27,0.00409
2021-09-24,0.00414
2021-09-23,0.00413
2021-09-17,0.00414
2021-09-16,0.00413
2021-09-15,0.00413
2021-09-14,0.00413
2021-09-13,0.00413
2021-09-10,0.00410
2021-09-09,0.00410
2021-09-08,0.00410
2021-09-07,0.00409
2021-09-06,0.00409
2021-09-03,0.00409
2021-09-02,0.00409
2021-09-01,0.00409
2021-08-31,0.00409
2021-08-30,0.00407
2021-08-27,0.00406
2021-08-26,0.00406
2021-08-25,0.00406
2021-08-24,0.00406
2021-08-23,0.00408
2021-08-20,0.00405
2021-08-19,0.00404
2021-08-18,0.00402
2021-08-17,0.00402
2021-08-13,0.00400
2021-08-12,0.00400
2021-08-11,0.00399
2021-08-10,0.00397
2021-08-09,0.00396
2021-08-06,0.00397
2021-08-05,0.00397
2021-08-04,0.00398
2021-08-03,0.00397
2021-08-02,0.00397
2021-07-30,0.00398
2021-07-29,0.00398
2021-07-28,0.00398
2021-07-27,0.00399
2021-07-26,0.00399
2021-07-23,0.00398
2021-07-22,0.00400
2021-07-21,0.00399
2021-07-20,0.00397
2021-07-19,0.00398
2021-07-16,0.00395
2021-07-15,0.00395
2021-07-14,0.00393
2021-07-13,0.00393
2021-07-12,0.00393
2021-07-09,0.00393
2021-07-08,0.00393
2021-07-07,0.00389
2021-07-06,0.00388
2021-07-05,0.00389
2021-07-02,0.00388
2021-07-01,0.00388
2021-06-30,0.00387
2021-06-29,0.00387
2021-06-28,0.00387
2021-06-25,0.00388
2021-06-24,0.00388
2021-06-23,0.00389
2021-06-22,0.00389
2021-06-21,0.00389
2021-06-18,0.00389
2021-06-17,0.00389
2021-06-16,0.00388
2021-06-15,0.00391
2021-06-14,0.00391
2021-06-11,0.00394
2021-06-10,0.00393
2021-06-09,0.00395
2021-06-08,0.00398
2021-06-07,0.00398
2021-06-04,0.00398
2021-06-03,0.00399
2021-06-02,0.00402
2021-06-01,0.00400
2021-05-31,0.00402
2021-05-28,0.00401
2021-05-27,0.00403
2021-05-26,0.00403
2021-05-25,0.00407
2021-05-24,0.00406
2021-05-21,0.00406
2021-05-20,0.00409
2021-05-18,0.00409
2021-05-17,0.00408
2021-05-14,0.00407
2021-05-13,0.00406
2021-05-12,0.00405
2021-05-11,0.00403
2021-05-10,0.00402
2021-05-07,0.00401
2021-05-06,0.00401
2021-05-04,0.00403
2021-05-03,0.00403
2021-04-30,0.00402
2021-04-29,0.00402
2021-04-28,0.00401
2021-04-27,0.00401
2021-04-26,0.00401
2021-04-23,0.00405
2021-04-22,0.00405
2021-04-21,0.00408
2021-04-20,0.00412
2021-04-19,0.00412
2021-04-16,0.00413
2021-04-15,0.00415
2021-04-14,0.00415
2021-04-13,0.00413
2021-04-12,0.00418
2021-04-09,0.00418
2021-04-08,0.00419
2021-04-07,0.00419
2021-04-06,0.00422
2021-04-05,0.00421
2021-04-02,0.00422
2021-04-01,0.00422
2021-03-31,0.00422
2021-03-30,0.00428
2021-03-29,0.00442
2021-03-26,0.00461
2021-03-25,0.00493
2021-03-24,0.00505
2021-03-23,0.00511
2021-03-22,0.00516
2021-03-19,0.00520
2021-03-18,0.00521
2021-03-17,0.00528
2021-03-16,0.00528
2021-03-15,0.00529
2021-03-12,0.00534
2021-03-11,0.00533
2021-03-10,0.00531
2021-03-09,0.00532
2021-03-08,0.00532
2021-03-05,0.00539
2021-03-04,0.00538
2021-03-03,0.00538
2021-03-02,0.00538
2021-02-26,0.00538
2021-02-25,0.00533
2021-02-24,0.00534
2021-02-23,0.00539
2021-02-22,0.00539
2021-02-19,0.00537
2021-02-18,0.00537
2021-02-17,0.00537
2021-02-16,0.00536
2021-02-15,0.00537
2021-02-10,0.00537
2021-02-09,0.00536
2021-02-08,0.00537
2021-02-05,0.00537
2021-02-04,0.00536
2021-02-03,0.00537
2021-02-02,0.00537
2021-02-01,0.00538
2021-01-29,0.00540
2021-01-28,0.00540
2021-01-27,0.00538
2021-01-26,0.00538
2021-01-25,0.00538
2021-01-22,0.00539
2021-01-21,0.00538
2021-01-20,0.00538
2021-01-19,0.00538
2021-01-18,0.00538
2021-01-15,0.00536
2021-01-14,0.00537
2021-01-13,0.00537
2021-01-12,0.00538
2021-01-11,0.00539
2021-01-08,0.00538
2021-01-07,0.00538
2021-01-06,0.00540
2021-01-05,0.00540
2021-01-04,0.00539
2020-12-31,0.00539
2020-12-30,0.00539
2020-12-29,0.00538
2020-12-28,0.00538
2020-12-24,0.00536
2020-12-23,0.00536
2020-12-22,0.00536
2020-12-21,0.00536
2020-12-18,0.00536
2020-12-17,0.00535
2020-12-16,0.00542
2020-12-15,0.00542
2020-12-14,0.00542
2020-12-11,0.00542
2020-12-10,0.00542
2020-12-09,0.00542
2020-12-08,0.00542
2020-12-07,0.00543
2020-12-04,0.00543
2020-12-03,0.00541
2020-12-02,0.00539
2020-12-01,0.00538
2020-11-30,0.00538
2020-11-27,0.00538
2020-11-26,0.00538
2020-11-25,0.00538
2020-11-24,0.00539
2020-11-23,0.00539
2020-11-20,0.00538
2020-11-19,0.00539
2020-11-18,0.00534
2020-11-17,0.00534
2020-11-16,0.00535
2020-11-13,0.00535
2020-11-12,0.00536
2020-11-11,0.00537
2020-11-10,0.00537
2020-11-09,0.00537
2020-11-06,0.00536
2020-11-05,0.00536
2020-11-04,0.00531
2020-11-03,0.00530
2020-11-02,0.00529
2020-10-30,0.00530
2020-10-29,0.00530
2020-10-28,0.00530
2020-10-27,0.00529
2020-10-26,0.00529
2020-10-23,0.00529
2020-10-22,0.00531
2020-10-21,0.00531
2020-10-20,0.00533
2020-10-19,0.00533
2020-10-16,0.00532
2020-10-15,0.00532
2020-10-14,0.00535
2020-10-13,0.00535
2020-10-12,0.00535
2020-10-08,0.00535
2020-10-07,0.00536
2020-10-06,0.00537
2020-10-05,0.00537
2020-09-29,0.00535
2020-09-28,0.00535
2020-09-25,0.00535
2020-09-24,0.00536
2020-09-23,0.00532
2020-09-22,0.00534
2020-09-21,0.00535
2020-09-18,0.00535
2020-09-17,0.00531
2020-09-16,0.00532
2020-09-15,0.00534
2020-09-14,0.00534
2020-09-11,0.00533
2020-09-10,0.00533
2020-09-09,0.00534
2020-09-08,0.00535
2020-09-07,0.00537
2020-09-04,0.00537
2020-09-03,0.00537
2020-09-02,0.00538
2020-09-01,0.00538
2020-08-31,0.00537
2020-08-28,0.00537
2020-08-27,0.00537
2020-08-26,0.00537
2020-08-25,0.00539
2020-08-24,0.00540
2020-08-21,0.00540
2020-08-20,0.00540
2020-08-19,0.00537
2020-08-18,0.00538
2020-08-14,0.00539
2020-08-13,0.00540
2020-08-12,0.00540
2020-08-11,0.00541
2020-08-10,0.00541
2020-08-07,0.00541
2020-08-06,0.00547
2020-08-05,0.00550
2020-08-04,0.00550
2020-08-03,0.00550
2020-07-31,0.00550
2020-07-30,0.00550
2020-07-29,0.00550
2020-07-28,0.00549
2020-07-27,0.00549
2020-07-24,0.00548
2020-07-23,0.00547
2020-07-22,0.00548
2020-07-21,0.00548
2020-07-20,0.00547
2020-07-17,0.00546
2020-07-16,0.00546
2020-07-15,0.00547
2020-07-14,0.00548
2020-07-13,0.00548
2020-07-10,0.00548
2020-07-09,0.00549
2020-07-08,0.00549
2020-07-07,0.00549
2020-07-06,0.00549
2020-07-03,0.00549
2020-07-02,0.00550
2020-07-01,0.00550
2020-06-30,0.00550
2020-06-29,0.00550
2020-06-26,0.00550
2020-06-25,0.00551
2020-06-24,0.00551
2020-06-23,0.00555
2020-06-22,0.00557
2020-06-19,0.00557
2020-06-18,0.00557
2020-06-17,0.00556
2020-06-16,0.00556
2020-06-15,0.00556
2020-06-12,0.00553
2020-06-11,0.00551
2020-06-10,0.00553
2020-06-09,0.00551
2020-06-08,0.00551
2020-06-05,0.00551
2020-06-04,0.00548
2020-06-03,0.00549
2020-06-02,0.00549
2020-06-01,0.00548
2020-05-29,0.00546
2020-05-28,0.00546
2020-05-27,0.00545
2020-05-26,0.00546
2020-05-25,0.00544
2020-05-22,0.00544
2020-05-21,0.00542
2020-05-20,0.00542
2020-05-19,0.00542
2020-05-18,0.00540
2020-05-15,0.00541
2020-05-14,0.00542
2020-05-13,0.00545
2020-05-12,0.00545
2020-05-11,0.00545
2020-05-08,0.00546
2020-05-07,0.00546
2020-05-06,0.00546
2020-05-04,0.00546
2020-04-29,0.00546
2020-04-28,0.00551
2020-04-27,0.00550
2020-04-24,0.00549
2020-04-23,0.00549
2020-04-22,0.00549
2020-04-21,0.00549
2020-04-20,0.00546
2020-04-17,0.00546
2020-04-16,0.00544
2020-04-14,0.00541
2020-04-13,0.00541
2020-04-10,0.00541
2020-04-09,0.00540
2020-04-08,0.00542
2020-04-07,0.00541
2020-04-06,0.00536
2020-04-03,0.00536
2020-04-02,0.00535
2020-04-01,0.00535
2020-03-31,0.00533
2020-03-30,0.00532
2020-03-27,0.00532
2020-03-26,0.00531
2020-03-25,0.00531
2020-03-24,0.00526
2020-03-23,0.00513
2020-03-20,0.00498
2020-03-19,0.00463
2020-03-18,0.00452
2020-03-17,0.00446
2020-03-16,0.00441
2020-03-13,0.00438
2020-03-12,0.00436
2020-03-11,0.00428
2020-03-10,0.00430
2020-03-09,0.00428
2020-03-06,0.00422
2020-03-05,0.00421
2020-03-04,0.00421
2020-03-03,0.00420
2020-03-02,0.00420
2020-02-28,0.00408
2020-02-27,0.00409
2020-02-26,0.00409
2020-02-25,0.00409
2020-02-24,0.00409
2020-02-21,0.00407
2020-02-20,0.00406
2020-02-19,0.00399
2020-02-18,0.00400
2020-02-17,0.00399
2020-02-14,0.00399
2020-02-13,0.00399
2020-02-12,0.00399
2020-02-11,0.00400
2020-02-10,0.00401
2020-02-07,0.00401
2020-02-06,0.00397
2020-02-05,0.00397
2020-02-04,0.00397
2020-02-03,0.00398
2020-01-31,0.00398
2020-01-30,0.00398
2020-01-29,0.00396
2020-01-28,0.00398
2020-01-23,0.00393
2020-01-22,0.00393
2020-01-21,0.00393
2020-01-20,0.00392
2020-01-17,0.00394
2020-01-16,0.00394
2020-01-15,0.00394
2020-01-14,0.00395
2020-01-13,0.00397
2020-01-10,0.00396
2020-01-09,0.00397
2020-01-08,0.00396
2020-01-07,0.00397
2020-01-06,0.00397
2020-01-03,0.00398
2020-01-02,0.00395
2019-12-31,0.00395
2019-12-30,0.00395
2019-12-27,0.00394
2019-12-26,0.00394
2019-12-24,0.00394
2019-12-23,0.00394
2019-12-20,0.00394
2019-12-19,0.00396
2019-12-18,0.00397
2019-12-17,0.00397
2019-12-16,0.00395
2019-12-13,0.00397
2019-12-12,0.00387
2019-12-11,0.00389
2019-12-10,0.00390
2019-12-09,0.00391
2019-12-06,0.00396
2019-12-05,0.00396
2019-12-04,0.00398
2019-12-03,0.00397
2019-12-02,0.00397
2019-11-29,0.00396
2019-11-28,0.00397
2019-11-27,0.00396
2019-11-26,0.00397
2019-11-25,0.00397
2019-11-22,0.00397
2019-11-21,0.00398
2019-11-20,0.00398
2019-11-19,0.00398
2019-11-18,0.00398
2019-11-15,0.00401
2019-11-14,0.00406
2019-11-13,0.00407
2019-11-12,0.00406
2019-11-11,0.00405
2019-11-08,0.00404
2019-11-07,0.00411
2019-11-06,0.00413
2019-11-05,0.00413
2019-11-04,0.00413
2019-11-01,0.00412
2019-10-31,0.00412
2019-10-30,0.00413
2019-10-29,0.00413
2019-10-28,0.00414
2019-10-25,0.00414
2019-10-24,0.00414
2019-10-23,0.00416
2019-10-22,0.00416
2019-10-21,0.00418
2019-10-18,0.00414
2019-10-17,0.00417
2019-10-16,0.00414
2019-10-15,0.00414
2019-10-14,0.00415
2019-10-11,0.00415
2019-10-10,0.00413
2019-10-08,0.00417
2019-10-07,0.00417
2019-10-04,0.00417
2019-10-02,0.00414
2019-10-01,0.00414
2019-09-30,0.00414
2019-09-27,0.00414
2019-09-26,0.00414
2019-09-25,0.00417
2019-09-24,0.00417
2019-09-23,0.00418
2019-09-20,0.00415
2019-09-19,0.00415
2019-09-18,0.00416
2019-09-17,0.00416
2019-09-16,0.00414
2019-09-11,0.00412
2019-09-10,0.00412
2019-09-09,0.00412
2019-09-06,0.00414
2019-09-05,0.00412
2019-09-04,0.00411
2019-09-03,0.00410
2019-09-02,0.00411
2019-08-30,0.00411
2019-08-29,0.00411
2019-08-28,0.00411
2019-08-27,0.00411
2019-08-26,0.00412
2019-08-23,0.00412
2019-08-22,0.00412
2019-08-21,0.00411
2019-08-20,0.00411
2019-08-19,0.00414
2019-08-16,0.00414
2019-08-14,0.00414
2019-08-13,0.00412
2019-08-12,0.00412
2019-08-09,0.00410
2019-08-08,0.00414
2019-08-07,0.00412
2019-08-06,0.00412
2019-08-05,0.00412
2019-08-02,0.00405
2019-08-01,0.00401
2019-07-31,0.00404
2019-07-30,0.00404
2019-07-29,0.00404
2019-07-26,0.00404
2019-07-25,0.00406
2019-07-24,0.00407
2019-07-23,0.00408
2019-07-22,0.00408
2019-07-19,0.00409
2019-07-18,0.00409
2019-07-17,0.00411
2019-07-16,0.00411
2019-07-15,0.00412
2019-07-12,0.00413
2019-07-11,0.00412
2019-07-10,0.00410
2019-07-09,0.00411
2019-07-08,0.00413
2019-07-05,0.00414
2019-07-04,0.00414
2019-07-03,0.00415
2019-07-02,0.00415
2019-07-01,0.00417
2019-06-28,0.00416
2019-06-27,0.00417
2019-06-26,0.00419
2019-06-25,0.00422
2019-06-24,0.00424
2019-06-21,0.00430
2019-06-20,0.00431
2019-06-19,0.00424
2019-06-18,0.00420
2019-06-17,0.00422
2019-06-14,0.00423
2019-06-13,0.00422
2019-06-12,0.00423
2019-06-11,0.00424
2019-06-10,0.00423
2019-06-07,0.00423
2019-06-05,0.00423
2019-06-04,0.00421
2019-06-03,0.00421
2019-05-31,0.00420
2019-05-30,0.00420
2019-05-29,0.00420
2019-05-28,0.00420
2019-05-27,0.00420
2019-05-24,0.00420
2019-05-23,0.00421
2019-05-22,0.00421
2019-05-21,0.00420
2019-05-20,0.00424
2019-05-17,0.00424
2019-05-16,0.00423
2019-05-15,0.00423
2019-05-14,0.00424
2019-05-13,0.00425
2019-05-10,0.00424
2019-05-09,0.00424
2019-05-08,0.00420
2019-05-07,0.00420
2019-05-03,0.00420
2019-05-02,0.00422
2019-04-30,0.00425
2019-04-29,0.00426
2019-04-26,0.00426
2019-04-25,0.00427
2019-04-24,0.00421
2019-04-23,0.00420
2019-04-22,0.00420
2019-04-19,0.00420
2019-04-18,0.00420
2019-04-17,0.00419
2019-04-16,0.00422
2019-04-15,0.00422
2019-04-12,0.00423
2019-04-11,0.00423
2019-04-10,0.00426
2019-04-09,0.00426
2019-04-08,0.00426
2019-04-05,0.00424
2019-04-04,0.00426
2019-04-03,0.00425
2019-04-02,0.00425
2019-04-01,0.00427
2019-03-29,0.00427
2019-03-28,0.00427
2019-03-27,0.00428
2019-03-26,0.00428
2019-03-25,0.00428
2019-03-22,0.00428
2019-03-21,0.00427
2019-03-20,0.00428
2019-03-19,0.00428
2019-03-18,0.00428
2019-03-15,0.00430
2019-03-14,0.00431
2019-03-13,0.00432
2019-03-12,0.00432
2019-03-11,0.00435
2019-03-08,0.00435
2019-03-07,0.00434
2019-03-06,0.00436
2019-03-05,0.00438
2019-03-04,0.00438
2019-02-28,0.00439
2019-02-27,0.00442
2019-02-26,0.00444
2019-02-25,0.00444
2019-02-22,0.00443
2019-02-21,0.00444
2019-02-20,0.00445
2019-02-19,0.00444
2019-02-18,0.00444
2019-02-15,0.00444
2019-02-14,0.00451
2019-02-13,0.00451
2019-02-12,0.00451
2019-02-11,0.00452
2019-02-08,0.00452
2019-02-07,0.00452
2019-02-01,0.00451
2019-01-31,0.00453
2019-01-30,0.00453
2019-01-29,0.00454
2019-01-28,0.00454
2019-01-25,0.00454
2019-01-24,0.00453
2019-01-23,0.00453
2019-01-22,0.00451
2019-01-21,0.00454
2019-01-18,0.00451
2019-01-17,0.00451
2019-01-16,0.00451
2019-01-15,0.00452
2019-01-14,0.00452
2019-01-11,0.00450
2019-01-10,0.00450
2019-01-09,0.00451
2019-01-08,0.00451
2019-01-07,0.00450
2019-01-04,0.00449
2019-01-03,0.00450
2019-01-02,0.00448
2018-12-31,0.00447
2018-12-28,0.00447
2018-12-27,0.00446
2018-12-26,0.00446
2018-12-24,0.00446
2018-12-21,0.00446
2018-12-20,0.00446
2018-12-19,0.00446
2018-12-18,0.00446
2018-12-17,0.00446
2018-12-14,0.00446
2018-12-13,0.00445
2018-12-12,0.00444
2018-12-11,0.00444
2018-12-10,0.00444
2018-12-07,0.00447
2018-12-06,0.00448
2018-12-05,0.00447
2018-12-04,0.00446
2018-12-03,0.00445
2018-11-30,0.00441
2018-11-29,0.00441
2018-11-28,0.00441
2018-11-27,0.00441
2018-11-26,0.00441
2018-11-23,0.00448
2018-11-22,0.00449
2018-11-21,0.00450
2018-11-20,0.00450
2018-11-19,0.00450
2018-11-16,0.00449
2018-11-15,0.00449
2018-11-14,0.00448
2018-11-13,0.00448
2018-11-12,0.00447
2018-11-09,0.00445
2018-11-08,0.00440
2018-11-07,0.00441
2018-11-06,0.00441
2018-11-05,0.00442
2018-11-02,0.00441
2018-11-01,0.00434
2018-10-31,0.00432
2018-10-30,0.00432
2018-10-29,0.00432
2018-10-26,0.00432
2018-10-25,0.00431
2018-10-24,0.00431
2018-10-23,0.00430
2018-10-22,0.00430
2018-10-19,0.00430
2018-10-18,0.00430
2018-10-17,0.00429
2018-10-16,0.00430
2018-10-15,0.00429
2018-10-12,0.00430
2018-10-11,0.00428
2018-10-10,0.00427
2018-10-08,0.00427
2018-10-05,0.00427
2018-10-04,0.00427
2018-10-02,0.00425
2018-10-01,0.00422
2018-09-28,0.00422
2018-09-27,0.00422
2018-09-21,0.00421
2018-09-20,0.00420
2018-09-19,0.00421
2018-09-18,0.00420
2018-09-17,0.00421
2018-09-14,0.00419
2018-09-13,0.00418
2018-09-12,0.00420
2018-09-11,0.00421
2018-09-10,0.00421
2018-09-07,0.00420
2018-09-06,0.00420
2018-09-05,0.00421
2018-09-04,0.00420
2018-09-03,0.00419
2018-08-31,0.00420
2018-08-30,0.00419
2018-08-29,0.00419
2018-08-28,0.00419
2018-08-27,0.00418
2018-08-24,0.00417
2018-08-23,0.00417
2018-08-22,0.00418
2018-08-21,0.00418
2018-08-20,0.00422
2018-08-17,0.00422
2018-08-16,0.00421
2018-08-14,0.00422
2018-08-13,0.00421
2018-08-10,0.00420
2018-08-09,0.00417
2018-08-08,0.00417
2018-08-07,0.00418
2018-08-06,0.00419
2018-08-03,0.00419
2018-08-02,0.00420
2018-08-01,0.00416
2018-07-31,0.00419
2018-07-30,0.00419
2018-07-27,0.00419
2018-07-26,0.00420
2018-07-25,0.00421
2018-07-24,0.00417
2018-07-23,0.00420
2018-07-20,0.00421
2018-07-19,0.00420
2018-07-18,0.00419
2018-07-17,0.00418
2018-07-16,0.00418
2018-07-13,0.00418
2018-07-12,0.00417
2018-07-11,0.00418
2018-07-10,0.00417
2018-07-09,0.00417
2018-07-06,0.00419
2018-07-05,0.00419
2018-07-04,0.00418
2018-07-03,0.00419
2018-07-02,0.00418
2018-06-29,0.00418
2018-06-28,0.00414
2018-06-27,0.00414
2018-06-26,0.00415
2018-06-25,0.00415
2018-06-22,0.00413
2018-06-21,0.00412
2018-06-20,0.00412
2018-06-19,0.00410
2018-06-18,0.00407
2018-06-15,0.00406
2018-06-14,0.00398
2018-06-12,0.00397
2018-06-11,0.00397
2018-06-08,0.00398
2018-06-07,0.00396
2018-06-05,0.00396
2018-06-04,0.00396
2018-06-01,0.00397
2018-05-31,0.00396
2018-05-30,0.00397
2018-05-29,0.00397
2018-05-28,0.00397
2018-05-25,0.00398
2018-05-24,0.00398
2018-05-23,0.00398
2018-05-21,0.00400
2018-05-18,0.00399
2018-05-17,0.00401
2018-05-16,0.00401
2018-05-15,0.00400
2018-05-14,0.00399
2018-05-11,0.00401
2018-05-10,0.00401
2018-05-09,0.00398
2018-05-08,0.00398
2018-05-04,0.00398
2018-05-03,0.00399
2018-05-02,0.00399
2018-04-30,0.00397
2018-04-27,0.00398
2018-04-26,0.00401
2018-04-25,0.00401
2018-04-24,0.00404
2018-04-23,0.00407
2018-04-20,0.00405
2018-04-19,0.00402
2018-04-18,0.00403
2018-04-17,0.00403
2018-04-16,0.00403
2018-04-13,0.00403
2018-04-12,0.00404
2018-04-11,0.00403
2018-04-10,0.00403
2018-04-09,0.00403
2018-04-06,0.00403
2018-04-05,0.00400
2018-04-04,0.00403
2018-04-03,0.00400
2018-04-02,0.00400
2018-03-30,0.00398
2018-03-29,0.00397
2018-03-28,0.00403
2018-03-27,0.00403
2018-03-26,0.00408
2018-03-23,0.00409
2018-03-22,0.00409
2018-03-21,0.00411
2018-03-20,0.00411
2018-03-19,0.00415
2018-03-16,0.00414
2018-03-15,0.00414
2018-03-14,0.00414
2018-03-13,0.00422
2018-03-12,0.00430
2018-03-09,0.00430
2018-03-08,0.00430
2018-03-07,0.00431
2018-03-06,0.00430
2018-03-05,0.00429
2018-03-02,0.00429
2018-02-28,0.00428
2018-02-27,0.00427
2018-02-26,0.00427
2018-02-23,0.00426
2018-02-22,0.00430
2018-02-21,0.00428
2018-02-20,0.00428
2018-02-19,0.00426
2018-02-14,0.00423
2018-02-13,0.00423
2018-02-12,0.00426
2018-02-09,0.00427
2018-02-08,0.00431
2018-02-07,0.00432
2018-02-06,0.00432
2018-02-05,0.00432
2018-02-02,0.00432
2018-02-01,0.00424
2018-01-31,0.00424
2018-01-30,0.00423
2018-01-29,0.00426
2018-01-26,0.00426
2018-01-25,0.00434
2018-01-24,0.00437
2018-01-23,0.00434
2018-01-22,0.00446
2018-01-19,0.00445
2018-01-18,0.00446
2018-01-17,0.00452
2018-01-16,0.00452
2018-01-15,0.00458
2018-01-12,0.00458
2018-01-11,0.00457
2018-01-10,0.00459
2018-01-09,0.00460
2018-01-08,0.00460
2018-01-05,0.00459
2018-01-04,0.00460
2018-01-03,0.00460
2018-01-02,0.00460
2017-12-29,0.00461
2017-12-28,0.00460
2017-12-27,0.00461
2017-12-26,0.00461
2017-12-22,0.00462
2017-12-21,0.00466
2017-12-20,0.00466
2017-12-19,0.00466
2017-12-18,0.00466
2017-12-15,0.00468
2017-12-14,0.00470
2017-12-13,0.00470
2017-12-12,0.00470
2017-12-11,0.00470
2017-12-08,0.00470
2017-12-07,0.00471
2017-12-06,0.00471
2017-12-05,0.00469
2017-12-04,0.00470
2017-12-01,0.00470
2017-11-30,0.00470
2017-11-29,0.00465
2017-11-28,0.00465
2017-11-27,0.00464
2017-11-24,0.00465
2017-11-23,0.00465
2017-11-22,0.00466
2017-11-21,0.00468
2017-11-20,0.00468
2017-11-17,0.00475
2017-11-16,0.00475
2017-11-15,0.00474
2017-11-14,0.00475
2017-11-13,0.00474
2017-11-10,0.00474
2017-11-09,0.00475
2017-11-08,0.00475
2017-11-07,0.00475
2017-11-06,0.00476
2017-11-03,0.00476
2017-11-02,0.00478
2017-11-01,0.00478
2017-10-31,0.00477
2017-10-30,0.00477
2017-10-27,0.00478
2017-10-26,0.00479
2017-10-25,0.00480
2017-10-24,0.00484
2017-10-23,0.00486
2017-10-20,0.00487
2017-10-19,0.00492
2017-10-18,0.00492
2017-10-17,0.00497
2017-10-16,0.00498
2017-10-13,0.00498
2017-10-12,0.00498
2017-10-11,0.00498
2017-10-10,0.00500
2017-09-29,0.00498
2017-09-28,0.00497
2017-09-27,0.00497
2017-09-26,0.00499
2017-09-25,0.00500
2017-09-22,0.00500
2017-09-21,0.00504
2017-09-20,0.00504
2017-09-19,0.00504
2017-09-18,0.00504
2017-09-15,0.00504
2017-09-14,0.00510
2017-09-13,0.00513
2017-09-12,0.00513
2017-09-11,0.00521
2017-09-08,0.00521
2017-09-07,0.00527
2017-09-06,0.00526
2017-09-05,0.00528
2017-09-04,0.00528
2017-09-01,0.00527
2017-08-31,0.00528
2017-08-30,0.00528
2017-08-29,0.00529
2017-08-28,0.00529
2017-08-25,0.00530
2017-08-24,0.00531
2017-08-23,0.00534
2017-08-22,0.00534
2017-08-21,0.00544
2017-08-18,0.00547
2017-08-17,0.00548
2017-08-16,0.00548
2017-08-14,0.00553
2017-08-11,0.00553
2017-08-10,0.00552
2017-08-09,0.00553
2017-08-08,0.00550
2017-08-07,0.00552
2017-08-04,0.00552
2017-08-03,0.00561
2017-08-02,0.00561
2017-08-01,0.00563
2017-07-31,0.00563
2017-07-28,0.00563
2017-07-27,0.00561
2017-07-26,0.00561
2017-07-25,0.00561
2017-07-24,0.00561
2017-07-21,0.00560
2017-07-20,0.00559
2017-07-19,0.00558
2017-07-18,0.00562
2017-07-17,0.00561
2017-07-14,0.00560
2017-07-13,0.00563
2017-07-12,0.00561
2017-07-11,0.00563
2017-07-10,0.00565
2017-07-07,0.00567
2017-07-06,0.00566
2017-07-05,0.00566
2017-07-04,0.00567
2017-07-03,0.00572
2017-06-30,0.00574
2017-06-29,0.00576
2017-06-28,0.00590
2017-06-27,0.00589
2017-06-26,0.00589
2017-06-23,0.00591
2017-06-22,0.00595
2017-06-21,0.00595
2017-06-20,0.00594
2017-06-19,0.00594
2017-06-16,0.00594
2017-06-15,0.00594
2017-06-14,0.00596
2017-06-13,0.00595
2017-06-12,0.00595
2017-06-09,0.00613
2017-06-08,0.00613
2017-06-07,0.00613
2017-06-05,0.00613
2017-06-02,0.00612
2017-06-01,0.00615
2017-05-31,0.00615
2017-05-30,0.00614
2017-05-29,0.00616
2017-05-26,0.00617
2017-05-25,0.00618
2017-05-24,0.00618
2017-05-23,0.00619
2017-05-22,0.00620
2017-05-19,0.00620
2017-05-18,0.00620
2017-05-17,0.00619
2017-05-16,0.00619
2017-05-15,0.00619
2017-05-12,0.00618
2017-05-11,0.00622
2017-05-10,0.00627
2017-05-08,0.00626
2017-05-04,0.00626
2017-05-02,0.00626
2017-04-28,0.00628
2017-04-27,0.00627
2017-04-26,0.00627
2017-04-25,0.00627
2017-04-24,0.00629
2017-04-21,0.00628
2017-04-20,0.00628
2017-04-19,0.00633
2017-04-18,0.00632
2017-04-17,0.00631
2017-04-14,0.00633
2017-04-13,0.00631
2017-04-12,0.00631
2017-04-11,0.00630
2017-04-10,0.00630
2017-04-07,0.00628
2017-04-06,0.00630
2017-04-05,0.00630
2017-04-04,0.00633
2017-04-03,0.00633
2017-03-31,0.00641
2017-03-30,0.00641
2017-03-29,0.00641
2017-03-28,0.00641
2017-03-27,0.00642
2017-03-24,0.00640
2017-03-23,0.00640
2017-03-22,0.00640
2017-03-21,0.00641
2017-03-20,0.00653
2017-03-17,0.00649
2017-03-16,0.00649
2017-03-15,0.00646
2017-03-14,0.00647
2017-03-13,0.00650
2017-03-10,0.00649
2017-03-09,0.00649
2017-03-08,0.00646
2017-03-07,0.00648
2017-03-06,0.00650
2017-03-03,0.00652
2017-03-02,0.00647
2017-02-28,0.00642
2017-02-27,0.00642
2017-02-24,0.00642
2017-02-23,0.00641
2017-02-22,0.00641
2017-02-21,0.00641
2017-02-20,0.00641
2017-02-17,0.00644
2017-02-16,0.00643
2017-02-15,0.00643
2017-02-14,0.00644
2017-02-13,0.00641
2017-02-10,0.00640
2017-02-09,0.00647
2017-02-08,0.00648
2017-02-07,0.00649
2017-02-06,0.00648
2017-02-03,0.00646
2017-02-02,0.00645
2017-02-01,0.00643
2017-01-31,0.00642
2017-01-26,0.00642
2017-01-25,0.00646
2017-01-24,0.00646
2017-01-23,0.00649
2017-01-20,0.00648
2017-01-19,0.00649
2017-01-18,0.00646
2017-01-17,0.00649
2017-01-16,0.00644
2017-01-13,0.00643
2017-01-12,0.00644
2017-01-11,0.00635
2017-01-10,0.00635
2017-01-09,0.00636
2017-01-06,0.00632
2017-01-05,0.00635
2017-01-04,0.00630
2017-01-03,0.00630
2017-01-02,0.00630
2016-12-30,0.00629
2016-12-29,0.00629
2016-12-28,0.00630
2016-12-27,0.00631
2016-12-26,0.00631
2016-12-23,0.00631
2016-12-22,0.00631
2016-12-21,0.00631
2016-12-20,0.00631
2016-12-19,0.00631
2016-12-16,0.00631
2016-12-15,0.00630
2016-12-14,0.00627
2016-12-13,0.00629
2016-12-12,0.00631
2016-12-09,0.00631
2016-12-08,0.00629
2016-12-07,0.00628
2016-12-06,0.00628
2016-12-05,0.00628
2016-12-02,0.00629
2016-12-01,0.00629
2016-11-30,0.00631
2016-11-29,0.00632
2016-11-28,0.00632
2016-11-25,0.00633
2016-11-24,0.00634
2016-11-23,0.00634
2016-11-22,0.00634
2016-11-21,0.00634
2016-11-18,0.00635
2016-11-17,0.00634
2016-11-16,0.00634
2016-11-15,0.00633
2016-11-14,0.00639
2016-11-11,0.00638
2016-11-10,0.00634
2016-11-09,0.00633
2016-11-08,0.00630
2016-11-07,0.00629
2016-11-04,0.00629
2016-11-03,0.00634
2016-11-02,0.00633
2016-11-01,0.00633
2016-10-31,0.00633
2016-10-28,0.00635
2016-10-27,0.00635
2016-10-26,0.00634
2016-10-25,0.00636
2016-10-24,0.00638
2016-10-21,0.00638
2016-10-20,0.00645
2016-10-19,0.00645
2016-10-18,0.00645
2016-10-17,0.00649
2016-10-14,0.00647
2016-10-13,0.00649
2016-10-12,0.00645
2016-10-11,0.00650
2016-10-10,0.00647
2016-10-07,0.00646
2016-10-06,0.00649
2016-10-05,0.00649
2016-10-04,0.00649
2016-09-30,0.00649
2016-09-29,0.00650
2016-09-28,0.00655
2016-09-27,0.00655
2016-09-26,0.00654
2016-09-23,0.00653
2016-09-22,0.00653
2016-09-21,0.00651
2016-09-20,0.00650
2016-09-19,0.00651
2016-09-13,0.00651
2016-09-12,0.00651
2016-09-09,0.00650
2016-09-08,0.00647
2016-09-07,0.00648
2016-09-06,0.00643
2016-09-05,0.00644
2016-09-02,0.00640
2016-09-01,0.00640
2016-08-31,0.00640
2016-08-30,0.00640
2016-08-29,0.00647
2016-08-26,0.00647
2016-08-25,0.00648
2016-08-24,0.00648
2016-08-23,0.00647
2016-08-22,0.00646
2016-08-19,0.00646
2016-08-18,0.00645
2016-08-17,0.00645
2016-08-16,0.00642
2016-08-12,0.00640
2016-08-11,0.00639
2016-08-10,0.00638
2016-08-09,0.00635
2016-08-08,0.00635
2016-08-05,0.00636
2016-08-04,0.00635
2016-08-03,0.00637
2016-08-02,0.00636
2016-08-01,0.00636
2016-07-29,0.00629
2016-07-28,0.00631
2016-07-27,0.00630
2016-07-26,0.00630
2016-07-25,0.00630
2016-07-22,0.00632
2016-07-21,0.00632
2016-07-20,0.00632
2016-07-19,0.00632
2016-07-18,0.00634
2016-07-15,0.00634
2016-07-14,0.00634
2016-07-13,0.00631
2016-07-12,0.00631
2016-07-11,0.00633
2016-07-08,0.00630
2016-07-07,0.00630
2016-07-06,0.00628
2016-07-05,0.00627
2016-07-04,0.00627
2016-07-01,0.00627
2016-06-30,0.00628
2016-06-29,0.00627
2016-06-28,0.00623
2016-06-27,0.00621
2016-06-24,0.00620
2016-06-23,0.00607
2016-06-22,0.00612
2016-06-21,0.00612
2016-06-20,0.00610
2016-06-17,0.00605
2016-06-16,0.00606
2016-06-15,0.00606
2016-06-14,0.00608
2016-06-13,0.00608
2016-06-10,0.00610
2016-06-09,0.00608
2016-06-08,0.00608
2016-06-07,0.00609
2016-06-03,0.00590
2016-06-02,0.00590
2016-06-01,0.00590
2016-05-31,0.00590
2016-05-30,0.00590
2016-05-27,0.00594
2016-05-26,0.00593
2016-05-25,0.00594
2016-05-24,0.00593
2016-05-23,0.00592
2016-05-20,0.00590
2016-05-19,0.00591
2016-05-18,0.00591
2016-05-17,0.00590
2016-05-16,0.00590
2016-05-13,0.00589
2016-05-12,0.00589
2016-05-11,0.00593
2016-05-10,0.00593
2016-05-09,0.00594
2016-05-04,0.00590
2016-05-03,0.00585
2016-05-02,0.00585
2016-04-29,0.00586
2016-04-28,0.00586
2016-04-27,0.00584
2016-04-26,0.00584
2016-04-25,0.00584
2016-04-22,0.00584
2016-04-21,0.00584
2016-04-20,0.00586
2016-04-19,0.00586
2016-04-18,0.00582
2016-04-15,0.00584
2016-04-14,0.00583
2016-04-12,0.00580
2016-04-11,0.00579
2016-04-08,0.00579
2016-04-07,0.00581
2016-04-06,0.00580
2016-04-05,0.00584
2016-04-04,0.00582
2016-04-01,0.00583
2016-03-31,0.00579
2016-03-30,0.00578
2016-03-29,0.00569
2016-03-28,0.00569
2016-03-25,0.00575
2016-03-24,0.00578
2016-03-23,0.00578
2016-03-22,0.00581
2016-03-21,0.00581
2016-03-18,0.00581
2016-03-17,0.00580
2016-03-16,0.00566
2016-03-15,0.00566
2016-03-14,0.00566
2016-03-11,0.00571
2016-03-10,0.00573
2016-03-09,0.00568
2016-03-08,0.00567
2016-03-07,0.00567
2016-03-04,0.00567
2016-03-03,0.00565
2016-03-02,0.00562
2016-02-29,0.00561
2016-02-26,0.00566
2016-02-25,0.00566
2016-02-24,0.00565
2016-02-23,0.00565
2016-02-22,0.00565
2016-02-19,0.00567
2016-02-18,0.00568
2016-02-17,0.00570
2016-02-16,0.00567
2016-02-15,0.00567
2016-02-12,0.00567
2016-02-11,0.00567
2016-02-05,0.00572
2016-02-04,0.00573
2016-02-03,0.00565
2016-02-02,0.00563
2016-02-01,0.00567
2016-01-29,0.00567
2016-01-28,0.00568
2016-01-27,0.00568
2016-01-26,0.00568
2016-01-25,0.00567
2016-01-22,0.00567
2016-01-21,0.00563
2016-01-20,0.00563
2016-01-19,0.00561
2016-01-18,0.00560
2016-01-15,0.00560
2016-01-14,0.00560
2016-01-13,0.00560
2016-01-12,0.00558
2016-01-11,0.00559
2016-01-08,0.00558
2016-01-07,0.00562
2016-01-06,0.00563
2016-01-05,0.00568
2016-01-04,0.00569
2015-12-31,0.00566
2015-12-30,0.00566
2015-12-29,0.00566
2015-12-28,0.00566
2015-12-24,0.00566
2015-12-23,0.00565
2015-12-22,0.00564
2015-12-21,0.00563
2015-12-18,0.00566
2015-12-17,0.00572
2015-12-16,0.00572
2015-12-15,0.00571
2015-12-14,0.00571
2015-12-11,0.00572
2015-12-10,0.00575
2015-12-09,0.00576
2015-12-08,0.00575
2015-12-07,0.00573
2015-12-04,0.00572
2015-12-03,0.00572
2015-12-02,0.00572
2015-12-01,0.00575
2015-11-30,0.00578
2015-11-27,0.00578
2015-11-26,0.00577
2015-11-25,0.00576
2015-11-24,0.00574
2015-11-23,0.00575
2015-11-20,0.00576
2015-11-19,0.00575
2015-11-18,0.00575
2015-11-17,0.00575
2015-11-16,0.00575
2015-11-13,0.00574
2015-11-12,0.00576
2015-11-11,0.00578
2015-11-10,0.00579
2015-11-09,0.00579
2015-11-06,0.00574
2015-11-05,0.00574
2015-11-04,0.00575
2015-11-03,0.00578
2015-11-02,0.00579
2015-10-30,0.00579
2015-10-29,0.00578
2015-10-28,0.00575
2015-10-27,0.00575
2015-10-26,0.00576
2015-10-23,0.00576
2015-10-22,0.00574
2015-10-21,0.00575
2015-10-20,0.00575
2015-10-19,0.00573
2015-10-16,0.00570
2015-10-15,0.00570
2015-10-14,0.00561
2015-10-13,0.00560
2015-10-12,0.00561
2015-10-08,0.00552
2015-10-07,0.00553
2015-10-06,0.00551
2015-10-05,0.00553
2015-10-02,0.00547
2015-10-01,0.00550
2015-09-30,0.00549
2015-09-25,0.00546
2015-09-24,0.00546
2015-09-23,0.00546
2015-09-22,0.00545
2015-09-21,0.00545
2015-09-18,0.00540
2015-09-17,0.00539
2015-09-16,0.00538
2015-09-15,0.00537
2015-09-14,0.00537
2015-09-11,0.00541
2015-09-10,0.00542
2015-09-09,0.00540
2015-09-08,0.00540
2015-09-07,0.00540
2015-09-04,0.00536
2015-09-03,0.00536
2015-09-02,0.00535
2015-09-01,0.00534
2015-08-31,0.00533
2015-08-28,0.00533
2015-08-27,0.00533
2015-08-26,0.00532
2015-08-25,0.00532
2015-08-24,0.00521
2015-08-21,0.00520
2015-08-20,0.00522
2015-08-19,0.00521
2015-08-18,0.00522
2015-08-17,0.00523
2015-08-13,0.00521
2015-08-12,0.00520
2015-08-11,0.00520
2015-08-10,0.00514
2015-08-07,0.00514
2015-08-06,0.00516
2015-08-05,0.00517
2015-08-04,0.00516
2015-08-03,0.00515
2015-07-31,0.00515
2015-07-30,0.00515
2015-07-29,0.00513
2015-07-28,0.00512
2015-07-27,0.00512
2015-07-24,0.00512
2015-07-23,0.00510
2015-07-22,0.00509
2015-07-21,0.00509
2015-07-20,0.00511
2015-07-17,0.00509
2015-07-16,0.00510
2015-07-15,0.00510
2015-07-14,0.00510
2015-07-13,0.00507
2015-07-10,0.00507
2015-07-09,0.00507
2015-07-08,0.00506
2015-07-07,0.00507
2015-07-06,0.00505
2015-07-03,0.00506
2015-07-02,0.00505
2015-07-01,0.00505
2015-06-30,0.00505
2015-06-29,0.00504
2015-06-26,0.00503
2015-06-25,0.00502
2015-06-24,0.00503
2015-06-23,0.00503
2015-06-22,0.00502
2015-06-19,0.00500
2015-06-18,0.00499
2015-06-17,0.00492
2015-06-16,0.00492
2015-06-15,0.00492
2015-06-12,0.00494
2015-06-11,0.00493
2015-06-10,0.00493
2015-06-09,0.00490
2015-06-08,0.00490
2015-06-05,0.00488
2015-06-04,0.00488
2015-06-03,0.00487
2015-06-02,0.00486
2015-06-01,0.00486
2015-05-29,0.00486
2015-05-28,0.00486
2015-05-27,0.00486
2015-05-26,0.00486
2015-05-22,0.00478
2015-05-21,0.00478
2015-05-20,0.00478
2015-05-19,0.00477
2015-05-18,0.00477
2015-05-15,0.00477
2015-05-14,0.00477
2015-05-13,0.00477
2015-05-12,0.00477
2015-05-11,0.00476
2015-05-08,0.00477
2015-05-07,0.00478
2015-05-06,0.00474
2015-05-04,0.00474
2015-04-30,0.00472
2015-04-29,0.00471
2015-04-28,0.00470
2015-04-27,0.00470
2015-04-24,0.00469
2015-04-23,0.00469
2015-04-22,0.00468
2015-04-21,0.00468
2015-04-20,0.00468
2015-04-17,0.00468
2015-04-16,0.00469
2015-04-15,0.00469
2015-04-14,0.00469
2015-04-13,0.00467
2015-04-10,0.00465
2015-04-09,0.00464
2015-04-08,0.00465
2015-04-07,0.00467
2015-04-06,0.00466
2015-04-03,0.00464
2015-04-02,0.00464
2015-04-01,0.00459
2015-03-31,0.00459
2015-03-30,0.00459
2015-03-27,0.00461
2015-03-26,0.00461
2015-03-25,0.00461
2015-03-24,0.00461
2015-03-23,0.00453
2015-03-20,0.00450
2015-03-19,0.00450
2015-03-18,0.00447
2015-03-17,0.00448
2015-03-16,0.00448
2015-03-13,0.00449
2015-03-12,0.00448
2015-03-11,0.00448
2015-03-10,0.00448
2015-03-09,0.00441
2015-03-06,0.00437
2015-03-05,0.00438
2015-03-04,0.00438
2015-03-03,0.00438
2015-03-02,0.00438
2015-02-27,0.00442
2015-02-26,0.00441
2015-02-25,0.00441
2015-02-24,0.00434
2015-02-23,0.00435
2015-02-17,0.00435
2015-02-16,0.00435
2015-02-13,0.00437
2015-02-12,0.00435
2015-02-11,0.00434
2015-02-10,0.00431
2015-02-09,0.00431
2015-02-06,0.00431
2015-02-05,0.00438
2015-02-04,0.00439
2015-02-03,0.00433
2015-02-02,0.00433
2015-01-30,0.00432
2015-01-29,0.00435
2015-01-28,0.00429
2015-01-27,0.00428
2015-01-26,0.00428
2015-01-23,0.00428
2015-01-22,0.00428
2015-01-21,0.00428
2015-01-20,0.00428
2015-01-19,0.00426
2015-01-16,0.00427
2015-01-15,0.00427
2015-01-14,0.00427
2015-01-13,0.00427
2015-01-12,0.00432
2015-01-09,0.00431
2015-01-08,0.00431
2015-01-07,0.00433
2015-01-06,0.00432
2015-01-05,0.00428
2015-01-02,0.00426
